[
    {
        "model": "auth.permission",
        "pk": 1,
        "fields": {
            "name": "Can add log entry",
            "content_type": 1,
            "codename": "add_logentry"
        }
    },
    {
        "model": "auth.permission",
        "pk": 2,
        "fields": {
            "name": "Can change log entry",
            "content_type": 1,
            "codename": "change_logentry"
        }
    },
    {
        "model": "auth.permission",
        "pk": 3,
        "fields": {
            "name": "Can delete log entry",
            "content_type": 1,
            "codename": "delete_logentry"
        }
    },
    {
        "model": "auth.permission",
        "pk": 4,
        "fields": {
            "name": "Can view log entry",
            "content_type": 1,
            "codename": "view_logentry"
        }
    },
    {
        "model": "auth.permission",
        "pk": 5,
        "fields": {
            "name": "Can add permission",
            "content_type": 2,
            "codename": "add_permission"
        }
    },
    {
        "model": "auth.permission",
        "pk": 6,
        "fields": {
            "name": "Can change permission",
            "content_type": 2,
            "codename": "change_permission"
        }
    },
    {
        "model": "auth.permission",
        "pk": 7,
        "fields": {
            "name": "Can delete permission",
            "content_type": 2,
            "codename": "delete_permission"
        }
    },
    {
        "model": "auth.permission",
        "pk": 8,
        "fields": {
            "name": "Can view permission",
            "content_type": 2,
            "codename": "view_permission"
        }
    },
    {
        "model": "auth.permission",
        "pk": 9,
        "fields": {
            "name": "Can add group",
            "content_type": 3,
            "codename": "add_group"
        }
    },
    {
        "model": "auth.permission",
        "pk": 10,
        "fields": {
            "name": "Can change group",
            "content_type": 3,
            "codename": "change_group"
        }
    },
    {
        "model": "auth.permission",
        "pk": 11,
        "fields": {
            "name": "Can delete group",
            "content_type": 3,
            "codename": "delete_group"
        }
    },
    {
        "model": "auth.permission",
        "pk": 12,
        "fields": {
            "name": "Can view group",
            "content_type": 3,
            "codename": "view_group"
        }
    },
    {
        "model": "auth.permission",
        "pk": 13,
        "fields": {
            "name": "Can add content type",
            "content_type": 4,
            "codename": "add_contenttype"
        }
    },
    {
        "model": "auth.permission",
        "pk": 14,
        "fields": {
            "name": "Can change content type",
            "content_type": 4,
            "codename": "change_contenttype"
        }
    },
    {
        "model": "auth.permission",
        "pk": 15,
        "fields": {
            "name": "Can delete content type",
            "content_type": 4,
            "codename": "delete_contenttype"
        }
    },
    {
        "model": "auth.permission",
        "pk": 16,
        "fields": {
            "name": "Can view content type",
            "content_type": 4,
            "codename": "view_contenttype"
        }
    },
    {
        "model": "auth.permission",
        "pk": 17,
        "fields": {
            "name": "Can add session",
            "content_type": 5,
            "codename": "add_session"
        }
    },
    {
        "model": "auth.permission",
        "pk": 18,
        "fields": {
            "name": "Can change session",
            "content_type": 5,
            "codename": "change_session"
        }
    },
    {
        "model": "auth.permission",
        "pk": 19,
        "fields": {
            "name": "Can delete session",
            "content_type": 5,
            "codename": "delete_session"
        }
    },
    {
        "model": "auth.permission",
        "pk": 20,
        "fields": {
            "name": "Can view session",
            "content_type": 5,
            "codename": "view_session"
        }
    },
    {
        "model": "auth.permission",
        "pk": 21,
        "fields": {
            "name": "Can add users",
            "content_type": 6,
            "codename": "add_users"
        }
    },
    {
        "model": "auth.permission",
        "pk": 22,
        "fields": {
            "name": "Can change users",
            "content_type": 6,
            "codename": "change_users"
        }
    },
    {
        "model": "auth.permission",
        "pk": 23,
        "fields": {
            "name": "Can delete users",
            "content_type": 6,
            "codename": "delete_users"
        }
    },
    {
        "model": "auth.permission",
        "pk": 24,
        "fields": {
            "name": "Can view users",
            "content_type": 6,
            "codename": "view_users"
        }
    },
    {
        "model": "auth.permission",
        "pk": 25,
        "fields": {
            "name": "Can add factory",
            "content_type": 7,
            "codename": "add_factory"
        }
    },
    {
        "model": "auth.permission",
        "pk": 26,
        "fields": {
            "name": "Can change factory",
            "content_type": 7,
            "codename": "change_factory"
        }
    },
    {
        "model": "auth.permission",
        "pk": 27,
        "fields": {
            "name": "Can delete factory",
            "content_type": 7,
            "codename": "delete_factory"
        }
    },
    {
        "model": "auth.permission",
        "pk": 28,
        "fields": {
            "name": "Can view factory",
            "content_type": 7,
            "codename": "view_factory"
        }
    },
    {
        "model": "auth.permission",
        "pk": 29,
        "fields": {
            "name": "Can add user",
            "content_type": 8,
            "codename": "add_user"
        }
    },
    {
        "model": "auth.permission",
        "pk": 30,
        "fields": {
            "name": "Can change user",
            "content_type": 8,
            "codename": "change_user"
        }
    },
    {
        "model": "auth.permission",
        "pk": 31,
        "fields": {
            "name": "Can delete user",
            "content_type": 8,
            "codename": "delete_user"
        }
    },
    {
        "model": "auth.permission",
        "pk": 32,
        "fields": {
            "name": "Can view user",
            "content_type": 8,
            "codename": "view_user"
        }
    },
    {
        "model": "auth.permission",
        "pk": 33,
        "fields": {
            "name": "Can add category",
            "content_type": 9,
            "codename": "add_category"
        }
    },
    {
        "model": "auth.permission",
        "pk": 34,
        "fields": {
            "name": "Can change category",
            "content_type": 9,
            "codename": "change_category"
        }
    },
    {
        "model": "auth.permission",
        "pk": 35,
        "fields": {
            "name": "Can delete category",
            "content_type": 9,
            "codename": "delete_category"
        }
    },
    {
        "model": "auth.permission",
        "pk": 36,
        "fields": {
            "name": "Can view category",
            "content_type": 9,
            "codename": "view_category"
        }
    },
    {
        "model": "auth.permission",
        "pk": 37,
        "fields": {
            "name": "Can add salesman",
            "content_type": 10,
            "codename": "add_salesman"
        }
    },
    {
        "model": "auth.permission",
        "pk": 38,
        "fields": {
            "name": "Can change salesman",
            "content_type": 10,
            "codename": "change_salesman"
        }
    },
    {
        "model": "auth.permission",
        "pk": 39,
        "fields": {
            "name": "Can delete salesman",
            "content_type": 10,
            "codename": "delete_salesman"
        }
    },
    {
        "model": "auth.permission",
        "pk": 40,
        "fields": {
            "name": "Can view salesman",
            "content_type": 10,
            "codename": "view_salesman"
        }
    },
    {
        "model": "auth.permission",
        "pk": 41,
        "fields": {
            "name": "Can add customer",
            "content_type": 11,
            "codename": "add_customer"
        }
    },
    {
        "model": "auth.permission",
        "pk": 42,
        "fields": {
            "name": "Can change customer",
            "content_type": 11,
            "codename": "change_customer"
        }
    },
    {
        "model": "auth.permission",
        "pk": 43,
        "fields": {
            "name": "Can delete customer",
            "content_type": 11,
            "codename": "delete_customer"
        }
    },
    {
        "model": "auth.permission",
        "pk": 44,
        "fields": {
            "name": "Can view customer",
            "content_type": 11,
            "codename": "view_customer"
        }
    },
    {
        "model": "auth.permission",
        "pk": 45,
        "fields": {
            "name": "Can add feedback",
            "content_type": 12,
            "codename": "add_feedback"
        }
    },
    {
        "model": "auth.permission",
        "pk": 46,
        "fields": {
            "name": "Can change feedback",
            "content_type": 12,
            "codename": "change_feedback"
        }
    },
    {
        "model": "auth.permission",
        "pk": 47,
        "fields": {
            "name": "Can delete feedback",
            "content_type": 12,
            "codename": "delete_feedback"
        }
    },
    {
        "model": "auth.permission",
        "pk": 48,
        "fields": {
            "name": "Can view feedback",
            "content_type": 12,
            "codename": "view_feedback"
        }
    },
    {
        "model": "auth.permission",
        "pk": 49,
        "fields": {
            "name": "Can add row_materials",
            "content_type": 13,
            "codename": "add_row_materials"
        }
    },
    {
        "model": "auth.permission",
        "pk": 50,
        "fields": {
            "name": "Can change row_materials",
            "content_type": 13,
            "codename": "change_row_materials"
        }
    },
    {
        "model": "auth.permission",
        "pk": 51,
        "fields": {
            "name": "Can delete row_materials",
            "content_type": 13,
            "codename": "delete_row_materials"
        }
    },
    {
        "model": "auth.permission",
        "pk": 52,
        "fields": {
            "name": "Can view row_materials",
            "content_type": 13,
            "codename": "view_row_materials"
        }
    },
    {
        "model": "auth.permission",
        "pk": 53,
        "fields": {
            "name": "Can add quotation",
            "content_type": 14,
            "codename": "add_quotation"
        }
    },
    {
        "model": "auth.permission",
        "pk": 54,
        "fields": {
            "name": "Can change quotation",
            "content_type": 14,
            "codename": "change_quotation"
        }
    },
    {
        "model": "auth.permission",
        "pk": 55,
        "fields": {
            "name": "Can delete quotation",
            "content_type": 14,
            "codename": "delete_quotation"
        }
    },
    {
        "model": "auth.permission",
        "pk": 56,
        "fields": {
            "name": "Can view quotation",
            "content_type": 14,
            "codename": "view_quotation"
        }
    },
    {
        "model": "auth.permission",
        "pk": 57,
        "fields": {
            "name": "Can add joint_type",
            "content_type": 15,
            "codename": "add_joint_type"
        }
    },
    {
        "model": "auth.permission",
        "pk": 58,
        "fields": {
            "name": "Can change joint_type",
            "content_type": 15,
            "codename": "change_joint_type"
        }
    },
    {
        "model": "auth.permission",
        "pk": 59,
        "fields": {
            "name": "Can delete joint_type",
            "content_type": 15,
            "codename": "delete_joint_type"
        }
    },
    {
        "model": "auth.permission",
        "pk": 60,
        "fields": {
            "name": "Can view joint_type",
            "content_type": 15,
            "codename": "view_joint_type"
        }
    },
    {
        "model": "auth.permission",
        "pk": 61,
        "fields": {
            "name": "Can add qoutation_feedback",
            "content_type": 16,
            "codename": "add_qoutation_feedback"
        }
    },
    {
        "model": "auth.permission",
        "pk": 62,
        "fields": {
            "name": "Can change qoutation_feedback",
            "content_type": 16,
            "codename": "change_qoutation_feedback"
        }
    },
    {
        "model": "auth.permission",
        "pk": 63,
        "fields": {
            "name": "Can delete qoutation_feedback",
            "content_type": 16,
            "codename": "delete_qoutation_feedback"
        }
    },
    {
        "model": "auth.permission",
        "pk": 64,
        "fields": {
            "name": "Can view qoutation_feedback",
            "content_type": 16,
            "codename": "view_qoutation_feedback"
        }
    },
    {
        "model": "auth.permission",
        "pk": 65,
        "fields": {
            "name": "Can add door",
            "content_type": 17,
            "codename": "add_door"
        }
    },
    {
        "model": "auth.permission",
        "pk": 66,
        "fields": {
            "name": "Can change door",
            "content_type": 17,
            "codename": "change_door"
        }
    },
    {
        "model": "auth.permission",
        "pk": 67,
        "fields": {
            "name": "Can delete door",
            "content_type": 17,
            "codename": "delete_door"
        }
    },
    {
        "model": "auth.permission",
        "pk": 68,
        "fields": {
            "name": "Can view door",
            "content_type": 17,
            "codename": "view_door"
        }
    },
    {
        "model": "auth.permission",
        "pk": 69,
        "fields": {
            "name": "Can add window",
            "content_type": 18,
            "codename": "add_window"
        }
    },
    {
        "model": "auth.permission",
        "pk": 70,
        "fields": {
            "name": "Can change window",
            "content_type": 18,
            "codename": "change_window"
        }
    },
    {
        "model": "auth.permission",
        "pk": 71,
        "fields": {
            "name": "Can delete window",
            "content_type": 18,
            "codename": "delete_window"
        }
    },
    {
        "model": "auth.permission",
        "pk": 72,
        "fields": {
            "name": "Can view window",
            "content_type": 18,
            "codename": "view_window"
        }
    },
    {
        "model": "auth.permission",
        "pk": 73,
        "fields": {
            "name": "Can add kattla",
            "content_type": 19,
            "codename": "add_kattla"
        }
    },
    {
        "model": "auth.permission",
        "pk": 74,
        "fields": {
            "name": "Can change kattla",
            "content_type": 19,
            "codename": "change_kattla"
        }
    },
    {
        "model": "auth.permission",
        "pk": 75,
        "fields": {
            "name": "Can delete kattla",
            "content_type": 19,
            "codename": "delete_kattla"
        }
    },
    {
        "model": "auth.permission",
        "pk": 76,
        "fields": {
            "name": "Can view kattla",
            "content_type": 19,
            "codename": "view_kattla"
        }
    },
    {
        "model": "auth.permission",
        "pk": 77,
        "fields": {
            "name": "Can add custom_kattla",
            "content_type": 20,
            "codename": "add_custom_kattla"
        }
    },
    {
        "model": "auth.permission",
        "pk": 78,
        "fields": {
            "name": "Can change custom_kattla",
            "content_type": 20,
            "codename": "change_custom_kattla"
        }
    },
    {
        "model": "auth.permission",
        "pk": 79,
        "fields": {
            "name": "Can delete custom_kattla",
            "content_type": 20,
            "codename": "delete_custom_kattla"
        }
    },
    {
        "model": "auth.permission",
        "pk": 80,
        "fields": {
            "name": "Can view custom_kattla",
            "content_type": 20,
            "codename": "view_custom_kattla"
        }
    },
    {
        "model": "auth.permission",
        "pk": 81,
        "fields": {
            "name": "Can add quotation_door_item",
            "content_type": 21,
            "codename": "add_quotation_door_item"
        }
    },
    {
        "model": "auth.permission",
        "pk": 82,
        "fields": {
            "name": "Can change quotation_door_item",
            "content_type": 21,
            "codename": "change_quotation_door_item"
        }
    },
    {
        "model": "auth.permission",
        "pk": 83,
        "fields": {
            "name": "Can delete quotation_door_item",
            "content_type": 21,
            "codename": "delete_quotation_door_item"
        }
    },
    {
        "model": "auth.permission",
        "pk": 84,
        "fields": {
            "name": "Can view quotation_door_item",
            "content_type": 21,
            "codename": "view_quotation_door_item"
        }
    },
    {
        "model": "auth.permission",
        "pk": 85,
        "fields": {
            "name": "Can add quotation_kattla_item",
            "content_type": 22,
            "codename": "add_quotation_kattla_item"
        }
    },
    {
        "model": "auth.permission",
        "pk": 86,
        "fields": {
            "name": "Can change quotation_kattla_item",
            "content_type": 22,
            "codename": "change_quotation_kattla_item"
        }
    },
    {
        "model": "auth.permission",
        "pk": 87,
        "fields": {
            "name": "Can delete quotation_kattla_item",
            "content_type": 22,
            "codename": "delete_quotation_kattla_item"
        }
    },
    {
        "model": "auth.permission",
        "pk": 88,
        "fields": {
            "name": "Can view quotation_kattla_item",
            "content_type": 22,
            "codename": "view_quotation_kattla_item"
        }
    },
    {
        "model": "auth.permission",
        "pk": 89,
        "fields": {
            "name": "Can add quotation_customkattla_item",
            "content_type": 23,
            "codename": "add_quotation_customkattla_item"
        }
    },
    {
        "model": "auth.permission",
        "pk": 90,
        "fields": {
            "name": "Can change quotation_customkattla_item",
            "content_type": 23,
            "codename": "change_quotation_customkattla_item"
        }
    },
    {
        "model": "auth.permission",
        "pk": 91,
        "fields": {
            "name": "Can delete quotation_customkattla_item",
            "content_type": 23,
            "codename": "delete_quotation_customkattla_item"
        }
    },
    {
        "model": "auth.permission",
        "pk": 92,
        "fields": {
            "name": "Can view quotation_customkattla_item",
            "content_type": 23,
            "codename": "view_quotation_customkattla_item"
        }
    },
    {
        "model": "auth.permission",
        "pk": 93,
        "fields": {
            "name": "Can add quotation_window_item",
            "content_type": 24,
            "codename": "add_quotation_window_item"
        }
    },
    {
        "model": "auth.permission",
        "pk": 94,
        "fields": {
            "name": "Can change quotation_window_item",
            "content_type": 24,
            "codename": "change_quotation_window_item"
        }
    },
    {
        "model": "auth.permission",
        "pk": 95,
        "fields": {
            "name": "Can delete quotation_window_item",
            "content_type": 24,
            "codename": "delete_quotation_window_item"
        }
    },
    {
        "model": "auth.permission",
        "pk": 96,
        "fields": {
            "name": "Can view quotation_window_item",
            "content_type": 24,
            "codename": "view_quotation_window_item"
        }
    },
    {
        "model": "auth.permission",
        "pk": 97,
        "fields": {
            "name": "Can add invoice",
            "content_type": 25,
            "codename": "add_invoice"
        }
    },
    {
        "model": "auth.permission",
        "pk": 98,
        "fields": {
            "name": "Can change invoice",
            "content_type": 25,
            "codename": "change_invoice"
        }
    },
    {
        "model": "auth.permission",
        "pk": 99,
        "fields": {
            "name": "Can delete invoice",
            "content_type": 25,
            "codename": "delete_invoice"
        }
    },
    {
        "model": "auth.permission",
        "pk": 100,
        "fields": {
            "name": "Can view invoice",
            "content_type": 25,
            "codename": "view_invoice"
        }
    },
    {
        "model": "auth.permission",
        "pk": 101,
        "fields": {
            "name": "Can add jobcard",
            "content_type": 26,
            "codename": "add_jobcard"
        }
    },
    {
        "model": "auth.permission",
        "pk": 102,
        "fields": {
            "name": "Can change jobcard",
            "content_type": 26,
            "codename": "change_jobcard"
        }
    },
    {
        "model": "auth.permission",
        "pk": 103,
        "fields": {
            "name": "Can delete jobcard",
            "content_type": 26,
            "codename": "delete_jobcard"
        }
    },
    {
        "model": "auth.permission",
        "pk": 104,
        "fields": {
            "name": "Can view jobcard",
            "content_type": 26,
            "codename": "view_jobcard"
        }
    },
    {
        "model": "auth.permission",
        "pk": 105,
        "fields": {
            "name": "Can add bank",
            "content_type": 27,
            "codename": "add_bank"
        }
    },
    {
        "model": "auth.permission",
        "pk": 106,
        "fields": {
            "name": "Can change bank",
            "content_type": 27,
            "codename": "change_bank"
        }
    },
    {
        "model": "auth.permission",
        "pk": 107,
        "fields": {
            "name": "Can delete bank",
            "content_type": 27,
            "codename": "delete_bank"
        }
    },
    {
        "model": "auth.permission",
        "pk": 108,
        "fields": {
            "name": "Can view bank",
            "content_type": 27,
            "codename": "view_bank"
        }
    },
    {
        "model": "auth.permission",
        "pk": 109,
        "fields": {
            "name": "Can add payments",
            "content_type": 28,
            "codename": "add_payments"
        }
    },
    {
        "model": "auth.permission",
        "pk": 110,
        "fields": {
            "name": "Can change payments",
            "content_type": 28,
            "codename": "change_payments"
        }
    },
    {
        "model": "auth.permission",
        "pk": 111,
        "fields": {
            "name": "Can delete payments",
            "content_type": 28,
            "codename": "delete_payments"
        }
    },
    {
        "model": "auth.permission",
        "pk": 112,
        "fields": {
            "name": "Can view payments",
            "content_type": 28,
            "codename": "view_payments"
        }
    },
    {
        "model": "auth.permission",
        "pk": 113,
        "fields": {
            "name": "Can add blacklisted token",
            "content_type": 29,
            "codename": "add_blacklistedtoken"
        }
    },
    {
        "model": "auth.permission",
        "pk": 114,
        "fields": {
            "name": "Can change blacklisted token",
            "content_type": 29,
            "codename": "change_blacklistedtoken"
        }
    },
    {
        "model": "auth.permission",
        "pk": 115,
        "fields": {
            "name": "Can delete blacklisted token",
            "content_type": 29,
            "codename": "delete_blacklistedtoken"
        }
    },
    {
        "model": "auth.permission",
        "pk": 116,
        "fields": {
            "name": "Can view blacklisted token",
            "content_type": 29,
            "codename": "view_blacklistedtoken"
        }
    },
    {
        "model": "auth.permission",
        "pk": 117,
        "fields": {
            "name": "Can add outstanding token",
            "content_type": 30,
            "codename": "add_outstandingtoken"
        }
    },
    {
        "model": "auth.permission",
        "pk": 118,
        "fields": {
            "name": "Can change outstanding token",
            "content_type": 30,
            "codename": "change_outstandingtoken"
        }
    },
    {
        "model": "auth.permission",
        "pk": 119,
        "fields": {
            "name": "Can delete outstanding token",
            "content_type": 30,
            "codename": "delete_outstandingtoken"
        }
    },
    {
        "model": "auth.permission",
        "pk": 120,
        "fields": {
            "name": "Can view outstanding token",
            "content_type": 30,
            "codename": "view_outstandingtoken"
        }
    },
    {
        "model": "contenttypes.contenttype",
        "pk": 1,
        "fields": {
            "app_label": "admin",
            "model": "logentry"
        }
    },
    {
        "model": "contenttypes.contenttype",
        "pk": 2,
        "fields": {
            "app_label": "auth",
            "model": "permission"
        }
    },
    {
        "model": "contenttypes.contenttype",
        "pk": 3,
        "fields": {
            "app_label": "auth",
            "model": "group"
        }
    },
    {
        "model": "contenttypes.contenttype",
        "pk": 4,
        "fields": {
            "app_label": "contenttypes",
            "model": "contenttype"
        }
    },
    {
        "model": "contenttypes.contenttype",
        "pk": 5,
        "fields": {
            "app_label": "sessions",
            "model": "session"
        }
    },
    {
        "model": "token_blacklist.outstandingtoken",
        "pk": 1,
        "fields": {
            "user": 1,
            "jti": "24b6f08d1cfd4b669b9f0db1e249797e",
            "token": "eyJ0eXAiOiJKV1QiLCJhbGciOiJIUzI1NiJ9.eyJ0b2tlbl90eXBlIjoicmVmcmVzaCIsImV4cCI6MTY1MTM0ODcyOCwiaWF0IjoxNjUxMzEyNzI4LCJqdGkiOiIyNGI2ZjA4ZDFjZmQ0YjY2OWI5ZjBkYjFlMjQ5Nzk3ZSIsInVzZXJfaWQiOjF9.Lk58o7QUppR_hEhQfwlz-M38NevMtGWrIdi615Gm5v0",
            "created_at": "2022-04-30T09:58:48.266Z",
            "expires_at": "2022-04-30T19:58:48Z"
        }
    },
    {
        "model": "token_blacklist.outstandingtoken",
        "pk": 2,
        "fields": {
            "user": 1,
            "jti": "d8d5806778374609b9a3c633f16421df",
            "token": "eyJ0eXAiOiJKV1QiLCJhbGciOiJIUzI1NiJ9.eyJ0b2tlbl90eXBlIjoicmVmcmVzaCIsImV4cCI6MTY1MTM2NzgzNywiaWF0IjoxNjUxMzMxODM3LCJqdGkiOiJkOGQ1ODA2Nzc4Mzc0NjA5YjlhM2M2MzNmMTY0MjFkZiIsInVzZXJfaWQiOjF9.ifCSqDsW9LBPfwwDyLmUihBHMjGA-aaHG0JaqSEpiZM",
            "created_at": "2022-04-30T15:17:17.212Z",
            "expires_at": "2022-05-01T01:17:17Z"
        }
    },
    {
        "model": "token_blacklist.outstandingtoken",
        "pk": 3,
        "fields": {
            "user": 1,
            "jti": "9d2b1970857b43a3a3f16970a7ffa50e",
            "token": "eyJ0eXAiOiJKV1QiLCJhbGciOiJIUzI1NiJ9.eyJ0b2tlbl90eXBlIjoicmVmcmVzaCIsImV4cCI6MTY1MTM2Nzk4MCwiaWF0IjoxNjUxMzMxOTgwLCJqdGkiOiI5ZDJiMTk3MDg1N2I0M2EzYTNmMTY5NzBhN2ZmYTUwZSIsInVzZXJfaWQiOjF9.hT06hbq2b4RKWUlK9hYBqIu5Zk2uHGZzbWZFfWaShSc",
            "created_at": "2022-04-30T15:19:40.427Z",
            "expires_at": "2022-05-01T01:19:40Z"
        }
    },
    {
        "model": "token_blacklist.outstandingtoken",
        "pk": 4,
        "fields": {
            "user": 1,
            "jti": "a0c3696e650c431197dfc6e179078593",
            "token": "eyJ0eXAiOiJKV1QiLCJhbGciOiJIUzI1NiJ9.eyJ0b2tlbl90eXBlIjoicmVmcmVzaCIsImV4cCI6MTY1MTM2ODU3NCwiaWF0IjoxNjUxMzMyNTc0LCJqdGkiOiJhMGMzNjk2ZTY1MGM0MzExOTdkZmM2ZTE3OTA3ODU5MyIsInVzZXJfaWQiOjF9.EJqJrKfnZAaaUbPftHcbN2heF2WL6FnLyDfIQJLklhY",
            "created_at": "2022-04-30T15:29:34.015Z",
            "expires_at": "2022-05-01T01:29:34Z"
        }
    },
    {
        "model": "token_blacklist.outstandingtoken",
        "pk": 5,
        "fields": {
            "user": 1,
            "jti": "36e803c27d444fba9e5e3243bb06c869",
            "token": "eyJ0eXAiOiJKV1QiLCJhbGciOiJIUzI1NiJ9.eyJ0b2tlbl90eXBlIjoicmVmcmVzaCIsImV4cCI6MTY1MTM2ODkwMiwiaWF0IjoxNjUxMzMyOTAyLCJqdGkiOiIzNmU4MDNjMjdkNDQ0ZmJhOWU1ZTMyNDNiYjA2Yzg2OSIsInVzZXJfaWQiOjF9.dDJLM7vp8WCcZHJyyP6mrXR0rkgyWfQRG-vnH0kex4U",
            "created_at": "2022-04-30T15:35:02.178Z",
            "expires_at": "2022-05-01T01:35:02Z"
        }
    },
    {
        "model": "token_blacklist.outstandingtoken",
        "pk": 6,
        "fields": {
            "user": 2,
            "jti": "94514d2b1c7442c9b7b9f7c2a8e6f4af",
            "token": "eyJ0eXAiOiJKV1QiLCJhbGciOiJIUzI1NiJ9.eyJ0b2tlbl90eXBlIjoicmVmcmVzaCIsImV4cCI6MTY1MTM2OTUzMCwiaWF0IjoxNjUxMzMzNTMwLCJqdGkiOiI5NDUxNGQyYjFjNzQ0MmM5YjdiOWY3YzJhOGU2ZjRhZiIsInVzZXJfaWQiOjJ9.lnuSuJMLIWOd0uNLzKR50hlQIkJZ-HuMoEEX5rXYmYM",
            "created_at": "2022-04-30T15:45:30.862Z",
            "expires_at": "2022-05-01T01:45:30Z"
        }
    },
    {
        "model": "token_blacklist.outstandingtoken",
        "pk": 7,
        "fields": {
            "user": 8,
            "jti": "87f60eb4067a46ae94258b4fb9b80047",
            "token": "eyJ0eXAiOiJKV1QiLCJhbGciOiJIUzI1NiJ9.eyJ0b2tlbl90eXBlIjoicmVmcmVzaCIsImV4cCI6MTY1MTM2OTU5NSwiaWF0IjoxNjUxMzMzNTk1LCJqdGkiOiI4N2Y2MGViNDA2N2E0NmFlOTQyNThiNGZiOWI4MDA0NyIsInVzZXJfaWQiOjh9.-CCHfhiR6OogWYNBp3X9czeNdnG7LDiashtVLqSRe3s",
            "created_at": "2022-04-30T15:46:35.109Z",
            "expires_at": "2022-05-01T01:46:35Z"
        }
    },
    {
        "model": "token_blacklist.outstandingtoken",
        "pk": 8,
        "fields": {
            "user": 1,
            "jti": "7676656487a74c3ab745cf906c007629",
            "token": "eyJ0eXAiOiJKV1QiLCJhbGciOiJIUzI1NiJ9.eyJ0b2tlbl90eXBlIjoicmVmcmVzaCIsImV4cCI6MTY1MTM3MDI4MSwiaWF0IjoxNjUxMzM0MjgxLCJqdGkiOiI3Njc2NjU2NDg3YTc0YzNhYjc0NWNmOTA2YzAwNzYyOSIsInVzZXJfaWQiOjF9.QRdS51MKTDLca2xWaPrtKFI7BYBjUzw6f1Zhx9gH5rI",
            "created_at": "2022-04-30T15:58:01.212Z",
            "expires_at": "2022-05-01T01:58:01Z"
        }
    },
    {
        "model": "token_blacklist.outstandingtoken",
        "pk": 9,
        "fields": {
            "user": 8,
            "jti": "151e8feb39c0493abdfe11506b94f80c",
            "token": "eyJ0eXAiOiJKV1QiLCJhbGciOiJIUzI1NiJ9.eyJ0b2tlbl90eXBlIjoicmVmcmVzaCIsImV4cCI6MTY1MTM3MTc4MCwiaWF0IjoxNjUxMzM1NzgwLCJqdGkiOiIxNTFlOGZlYjM5YzA0OTNhYmRmZTExNTA2Yjk0ZjgwYyIsInVzZXJfaWQiOjh9.S_RWXJm8JnhcJ-F7H5_XS7TcCmG3LctL0nV_nxpXO0Y",
            "created_at": "2022-04-30T16:23:00.451Z",
            "expires_at": "2022-05-01T02:23:00Z"
        }
    },
    {
        "model": "token_blacklist.outstandingtoken",
        "pk": 10,
        "fields": {
            "user": 8,
            "jti": "b30c1afe22374604bf8676311cb754ec",
            "token": "eyJ0eXAiOiJKV1QiLCJhbGciOiJIUzI1NiJ9.eyJ0b2tlbl90eXBlIjoicmVmcmVzaCIsImV4cCI6MTY1MTM3MTg1MCwiaWF0IjoxNjUxMzM1ODUwLCJqdGkiOiJiMzBjMWFmZTIyMzc0NjA0YmY4Njc2MzExY2I3NTRlYyIsInVzZXJfaWQiOjh9.aU7qlWUZRiEi8mgTzWfzzpJKyaw2yRpSKU-723EmQPI",
            "created_at": "2022-04-30T16:24:10.960Z",
            "expires_at": "2022-05-01T02:24:10Z"
        }
    },
    {
        "model": "token_blacklist.outstandingtoken",
        "pk": 11,
        "fields": {
            "user": 1,
            "jti": "8a0fc8136d71452683fba211731fd411",
            "token": "eyJ0eXAiOiJKV1QiLCJhbGciOiJIUzI1NiJ9.eyJ0b2tlbl90eXBlIjoicmVmcmVzaCIsImV4cCI6MTY1MTQxODY5NiwiaWF0IjoxNjUxMzgyNjk2LCJqdGkiOiI4YTBmYzgxMzZkNzE0NTI2ODNmYmEyMTE3MzFmZDQxMSIsInVzZXJfaWQiOjF9.GuUrXr3_gKfVF0eBRx7pyqdDYe9amG0WNZlMiMs719s",
            "created_at": "2022-05-01T05:24:56.951Z",
            "expires_at": "2022-05-01T15:24:56Z"
        }
    },
    {
        "model": "token_blacklist.outstandingtoken",
        "pk": 12,
        "fields": {
            "user": 3,
            "jti": "e655c2bb67b043dfbd8d887a8d0b32e2",
            "token": "eyJ0eXAiOiJKV1QiLCJhbGciOiJIUzI1NiJ9.eyJ0b2tlbl90eXBlIjoicmVmcmVzaCIsImV4cCI6MTY1MTQyMjgxMiwiaWF0IjoxNjUxMzg2ODEyLCJqdGkiOiJlNjU1YzJiYjY3YjA0M2RmYmQ4ZDg4N2E4ZDBiMzJlMiIsInVzZXJfaWQiOjN9.fk0vkwqOr2zzoGqF9hmfx393QbWSsK4i8zLxNbZgVi8",
            "created_at": "2022-05-01T06:33:32.215Z",
            "expires_at": "2022-05-01T16:33:32Z"
        }
    },
    {
        "model": "token_blacklist.outstandingtoken",
        "pk": 13,
        "fields": {
            "user": 1,
            "jti": "8e5172eab2b442d69c868cb17cb604ac",
            "token": "eyJ0eXAiOiJKV1QiLCJhbGciOiJIUzI1NiJ9.eyJ0b2tlbl90eXBlIjoicmVmcmVzaCIsImV4cCI6MTY1MTQ5OTc3MCwiaWF0IjoxNjUxNDYzNzcwLCJqdGkiOiI4ZTUxNzJlYWIyYjQ0MmQ2OWM4NjhjYjE3Y2I2MDRhYyIsInVzZXJfaWQiOjF9.8RrvANXKJuMRv5X7xjKk9yNNS8m1I1XwMI6ot-AgNWE",
            "created_at": "2022-05-02T03:56:10.434Z",
            "expires_at": "2022-05-02T13:56:10Z"
        }
    },
    {
        "model": "token_blacklist.outstandingtoken",
        "pk": 14,
        "fields": {
            "user": 1,
            "jti": "dea115b2414441c1915a6a695be59d59",
            "token": "eyJ0eXAiOiJKV1QiLCJhbGciOiJIUzI1NiJ9.eyJ0b2tlbl90eXBlIjoicmVmcmVzaCIsImV4cCI6MTY1MTUwMDIwMCwiaWF0IjoxNjUxNDY0MjAwLCJqdGkiOiJkZWExMTViMjQxNDQ0MWMxOTE1YTZhNjk1YmU1OWQ1OSIsInVzZXJfaWQiOjF9.S-htv3TgwlbxZjnGjR0xq67lzXONGzrwYi7plY9_WaQ",
            "created_at": "2022-05-02T04:03:20.005Z",
            "expires_at": "2022-05-02T14:03:20Z"
        }
    },
    {
        "model": "token_blacklist.outstandingtoken",
        "pk": 15,
        "fields": {
            "user": 1,
            "jti": "e0b05ea9b9c9483696d946feb121c010",
            "token": "eyJ0eXAiOiJKV1QiLCJhbGciOiJIUzI1NiJ9.eyJ0b2tlbl90eXBlIjoicmVmcmVzaCIsImV4cCI6MTY1MTUwMDI1MywiaWF0IjoxNjUxNDY0MjUzLCJqdGkiOiJlMGIwNWVhOWI5Yzk0ODM2OTZkOTQ2ZmViMTIxYzAxMCIsInVzZXJfaWQiOjF9.cYKZ8PAMquiDirJL_R8MVaY2UGPN9AySCPl1ExzpI-M",
            "created_at": "2022-05-02T04:04:13.530Z",
            "expires_at": "2022-05-02T14:04:13Z"
        }
    },
    {
        "model": "token_blacklist.outstandingtoken",
        "pk": 16,
        "fields": {
            "user": 1,
            "jti": "4c9e604c8c09486380cf264b45d766ee",
            "token": "eyJ0eXAiOiJKV1QiLCJhbGciOiJIUzI1NiJ9.eyJ0b2tlbl90eXBlIjoicmVmcmVzaCIsImV4cCI6MTY1MTUwMDI3OCwiaWF0IjoxNjUxNDY0Mjc4LCJqdGkiOiI0YzllNjA0YzhjMDk0ODYzODBjZjI2NGI0NWQ3NjZlZSIsInVzZXJfaWQiOjF9.sxm203kniq07H4UKt1aYeKUs5S9dOCqrCBR8n1RJrb8",
            "created_at": "2022-05-02T04:04:38.894Z",
            "expires_at": "2022-05-02T14:04:38Z"
        }
    },
    {
        "model": "token_blacklist.outstandingtoken",
        "pk": 17,
        "fields": {
            "user": 1,
            "jti": "8d1d22cd71ee434e8684d384be83e199",
            "token": "eyJ0eXAiOiJKV1QiLCJhbGciOiJIUzI1NiJ9.eyJ0b2tlbl90eXBlIjoicmVmcmVzaCIsImV4cCI6MTY1MTUxNzM1NCwiaWF0IjoxNjUxNDgxMzU0LCJqdGkiOiI4ZDFkMjJjZDcxZWU0MzRlODY4NGQzODRiZTgzZTE5OSIsInVzZXJfaWQiOjF9.59sKgWfXOzZ-mocudheOpoEYQITGKB28QUXv6KF0se4",
            "created_at": "2022-05-02T08:49:14.336Z",
            "expires_at": "2022-05-02T18:49:14Z"
        }
    },
    {
        "model": "token_blacklist.outstandingtoken",
        "pk": 18,
        "fields": {
            "user": 1,
            "jti": "8f99dd0e0f0a498487aebe8ddc5f28ae",
            "token": "eyJ0eXAiOiJKV1QiLCJhbGciOiJIUzI1NiJ9.eyJ0b2tlbl90eXBlIjoicmVmcmVzaCIsImV4cCI6MTY1MTUxNzM2NCwiaWF0IjoxNjUxNDgxMzY0LCJqdGkiOiI4Zjk5ZGQwZTBmMGE0OTg0ODdhZWJlOGRkYzVmMjhhZSIsInVzZXJfaWQiOjF9.EVrcMvEzRZGvWpJV8q19sI4afe8L_C0tEYU1rsy9iws",
            "created_at": "2022-05-02T08:49:24.943Z",
            "expires_at": "2022-05-02T18:49:24Z"
        }
    },
    {
        "model": "token_blacklist.outstandingtoken",
        "pk": 19,
        "fields": {
            "user": 1,
            "jti": "35d48893c6c64e269274e7e3f3ae4f87",
            "token": "eyJ0eXAiOiJKV1QiLCJhbGciOiJIUzI1NiJ9.eyJ0b2tlbl90eXBlIjoicmVmcmVzaCIsImV4cCI6MTY1MTUxNzU4NCwiaWF0IjoxNjUxNDgxNTg0LCJqdGkiOiIzNWQ0ODg5M2M2YzY0ZTI2OTI3NGU3ZTNmM2FlNGY4NyIsInVzZXJfaWQiOjF9.P7on-HIZhx_J-sndPQsvQZECGUVTTaGz4qswKLP-hhg",
            "created_at": "2022-05-02T08:53:04.786Z",
            "expires_at": "2022-05-02T18:53:04Z"
        }
    },
    {
        "model": "token_blacklist.blacklistedtoken",
        "pk": 1,
        "fields": {
            "token": 13,
            "blacklisted_at": "2022-05-02T05:58:41.897Z"
        }
    },
    {
        "model": "officialapi.users",
        "pk": 1,
        "fields": {
            "date": "2022-04-22",
            "name": "Kannur",
            "place": "Irikur",
            "phonenumber": "(907) 206-0207",
            "email": "teakland.in@gmail.com",
            "address": "Irikur  Kannur"
        }
    },
    {
        "model": "officialapi.users",
        "pk": 2,
        "fields": {
            "date": "2022-04-22",
            "name": "Pallikalbazar",
            "place": "Mavinchod",
            "phonenumber": "(755) 982-9969",
            "email": "habeeb@teakland.in",
            "address": "Pallikalbazar Malappuram district"
        }
    },
    {
        "model": "officialapi.users",
        "pk": 3,
        "fields": {
            "date": "2022-04-22",
            "name": "Malappuram",
            "place": "Malappuram",
            "phonenumber": "(956) 262-7775",
            "email": "sahad@teakland.in",
            "address": "Malappuram kottilangadi"
        }
    },
    {
        "model": "officialapi.users",
        "pk": 4,
        "fields": {
            "date": "2022-04-22",
            "name": "Calicut",
            "place": "Kodambuzha",
            "phonenumber": "(904) 800-0099",
            "email": "rahimancholayil1@gmail.com",
            "address": "Kodambuzha"
        }
    },
    {
        "model": "officialapi.factory",
        "pk": 1,
        "fields": {
            "date": "2022-04-23",
            "place": "calicut",
            "address": "ferokcollage",
            "contactno": "(755) 800-0099"
        }
    },
    {
        "model": "officialapi.user",
        "pk": 1,
        "fields": {
            "password": "pbkdf2_sha256$320000$ugwrEovCTmyh01toKFWSKO$ALOFVmMRtt9hfvhvfzit4uCsoKZbAjIPXpcwKsc2mEc=",
            "last_login": null,
            "is_superuser": true,
            "date": "2022-04-22",
            "email": "teaklandadmin@gmail.com",
            "first_name": "",
            "last_name": null,
            "is_active": true,
            "is_staff": true,
            "phone": null,
            "user": null,
            "factory": null,
            "groups": [],
            "user_permissions": []
        }
    },
    {
        "model": "officialapi.user",
        "pk": 2,
        "fields": {
            "password": "pbkdf2_sha256$320000$FvFSh1hD6VCTYtPNQ7zE3G$huojHRpC3YBmiSM9DaNU4Mcw9QJiVxASoAdRyUZ6xI4=",
            "last_login": null,
            "is_superuser": false,
            "date": "2022-04-22",
            "email": "irshad@teakland.in",
            "first_name": "Irshad",
            "last_name": "Bichu",
            "is_active": true,
            "is_staff": false,
            "phone": null,
            "user": 1,
            "factory": null,
            "groups": [],
            "user_permissions": []
        }
    },
    {
        "model": "officialapi.user",
        "pk": 3,
        "fields": {
            "password": "pbkdf2_sha256$320000$4wtwQyDCmyaJQujj7jRQGo$JyWGK1q3g3GcguxoGRyUksL4Fezh4OTLazE6s+4n/8M=",
            "last_login": null,
            "is_superuser": false,
            "date": "2022-04-22",
            "email": "habeeb@teakland.in",
            "first_name": "Habeeb",
            "last_name": "Habeeb",
            "is_active": true,
            "is_staff": false,
            "phone": null,
            "user": 2,
            "factory": null,
            "groups": [],
            "user_permissions": []
        }
    },
    {
        "model": "officialapi.user",
        "pk": 4,
        "fields": {
            "password": "pbkdf2_sha256$320000$7K3MWV5KCOspgif1h3KwOT$/xmAS3g5PN63Ou+JJqm/yCI5VR9vUZNrAk0PyVvNvHY=",
            "last_login": null,
            "is_superuser": false,
            "date": "2022-04-22",
            "email": "sahad@teakland.in",
            "first_name": "Sahad",
            "last_name": "Sahad",
            "is_active": true,
            "is_staff": false,
            "phone": null,
            "user": 3,
            "factory": null,
            "groups": [],
            "user_permissions": []
        }
    },
    {
        "model": "officialapi.user",
        "pk": 5,
        "fields": {
            "password": "pbkdf2_sha256$320000$XhMuZ9d3X0ilNyCYny32GL$oh+K/Nx7y0gQx7rMdGkOiy9kTBkzE8yAuqCX0apa5N0=",
            "last_login": null,
            "is_superuser": false,
            "date": "2022-04-22",
            "email": "rahimancholayil1@gmail.com",
            "first_name": "Rahiman",
            "last_name": "Cholayil",
            "is_active": true,
            "is_staff": false,
            "phone": null,
            "user": 4,
            "factory": null,
            "groups": [],
            "user_permissions": []
        }
    },
    {
        "model": "officialapi.user",
        "pk": 6,
        "fields": {
            "password": "pbkdf2_sha256$320000$iT5Ru2qycS1vULZXzWHkZD$Odb/0ACFT1o0I8bBCRsy/8ANzJZ/5NvWfwn35AyPP4I=",
            "last_login": null,
            "is_superuser": false,
            "date": "2022-04-23",
            "email": "shuhaib@teakland.in",
            "first_name": "shuhaib",
            "last_name": "shuhaib",
            "is_active": true,
            "is_staff": false,
            "phone": null,
            "user": null,
            "factory": 1,
            "groups": [],
            "user_permissions": []
        }
    },
    {
        "model": "officialapi.user",
        "pk": 7,
        "fields": {
            "password": "pbkdf2_sha256$320000$a5tLVx02jyEvUWuE8prqtF$Lvab3pxbs45CWvRyhSLcpCv+a7rY5TVUWK6XVTnITsQ=",
            "last_login": null,
            "is_superuser": false,
            "date": "2022-04-23",
            "email": "shuaibinterface@gmail.com",
            "first_name": "SHUAIB",
            "last_name": "TEAKLAD",
            "is_active": true,
            "is_staff": false,
            "phone": null,
            "user": 4,
            "factory": null,
            "groups": [],
            "user_permissions": []
        }
    },
    {
        "model": "officialapi.user",
        "pk": 8,
        "fields": {
            "password": "pbkdf2_sha256$320000$J7KiBoBPzCU66fMLQuMb3q$qSRtxYlPMaBL6TrHsyFlx5rZSyZal/2xFK87oskfATo=",
            "last_login": null,
            "is_superuser": false,
            "date": "2022-04-30",
            "email": "rahiman@teakland.in",
            "first_name": "Ar",
            "last_name": "Rahiman",
            "is_active": true,
            "is_staff": false,
            "phone": null,
            "user": 1,
            "factory": null,
            "groups": [],
            "user_permissions": []
        }
    },
    {
        "model": "officialapi.salesman",
        "pk": 1,
        "fields": {
            "date": "2022-04-22",
            "user": 4,
            "name": "Rahiman",
            "place": "Kozhikkod",
            "email": "rahimancholayil1@gmail.com",
            "phone": "(904) 800-0099",
            "address": "Cholayil"
        }
    },
    {
        "model": "officialapi.salesman",
        "pk": 40,
        "fields": {
            "date": "2022-04-30",
            "user": 1,
            "name": "mujeeb",
            "place": "irikkur",
            "email": "Ershadk557@gmail.com",
            "phone": "(907) 206-0207",
            "address": "mumthas mahal\r\nirikkur"
        }
    },
    {
        "model": "officialapi.salesman",
        "pk": 41,
        "fields": {
            "date": "2022-05-01",
            "user": 2,
            "name": "Habeeb",
            "place": "Kodampuzha",
            "email": "habeeb@teakland.in",
            "phone": "(755) 982-9969",
            "address": "Farook college"
        }
    },
    {
        "model": "officialapi.customer",
        "pk": 1,
        "fields": {
            "date": "2022-04-22",
            "user": 4,
            "created_by": 1,
            "dealt_by": 1,
            "name": "Shahul",
            "contact_no": "+919961275509",
            "type": "normal house customer",
            "source": "field",
            "address": "Cheruvannur",
            "is_enquiry": false
        }
    },
    {
        "model": "officialapi.customer",
        "pk": 2,
        "fields": {
            "date": "2022-04-30",
            "user": 1,
            "created_by": 40,
            "dealt_by": 40,
            "name": "muhammed",
            "contact_no": "(812) 906-4951",
            "type": "shop",
            "source": "offline",
            "address": "kk house\r\nmabram",
            "is_enquiry": false
        }
    },
    {
        "model": "officialapi.customer",
        "pk": 3,
        "fields": {
            "date": "2022-05-01",
            "user": 2,
            "created_by": 41,
            "dealt_by": 41,
            "name": "Ummer",
            "contact_no": "(755) 982-9969",
            "type": "normal house customer",
            "source": "showroom/factory",
            "address": "Feroke",
            "is_enquiry": false
        }
    },
    {
        "model": "officialapi.row_materials",
        "pk": 1,
        "fields": {
            "date": "2022-04-22",
            "name": "Teak wood"
        }
    },
    {
        "model": "officialapi.row_materials",
        "pk": 2,
        "fields": {
            "date": "2022-04-22",
            "name": "irul wood"
        }
    },
    {
        "model": "officialapi.row_materials",
        "pk": 3,
        "fields": {
            "date": "2022-04-22",
            "name": "Jungle wood"
        }
    },
    {
        "model": "officialapi.row_materials",
        "pk": 4,
        "fields": {
            "date": "2022-04-22",
            "name": "Kari marud"
        }
    },
    {
        "model": "officialapi.row_materials",
        "pk": 5,
        "fields": {
            "date": "2022-04-22",
            "name": "Arivep / neem"
        }
    },
    {
        "model": "officialapi.row_materials",
        "pk": 6,
        "fields": {
            "date": "2022-04-22",
            "name": "Venga biya"
        }
    },
    {
        "model": "officialapi.row_materials",
        "pk": 7,
        "fields": {
            "date": "2022-04-22",
            "name": "Offer wood mix"
        }
    },
    {
        "model": "officialapi.quotation",
        "pk": 1,
        "fields": {
            "quoation_number": "TK01",
            "customer": 1,
            "date": "2022-05-01T06:29:58.134Z",
            "user": 4,
            "status": "Open",
            "created_by": 5,
            "tax": null,
            "remark": "DXB",
            "is_seen": true
        }
    },
    {
        "model": "officialapi.quotation",
        "pk": 3,
        "fields": {
            "quoation_number": "TK02",
            "customer": 1,
            "date": "2022-05-01T06:31:05.784Z",
            "user": 4,
            "status": "Open",
            "created_by": 7,
            "tax": null,
            "remark": null,
            "is_seen": true
        }
    },
    {
        "model": "officialapi.quotation",
        "pk": 4,
        "fields": {
            "quoation_number": "TK04",
            "customer": 1,
            "date": "2022-05-01T06:30:40.276Z",
            "user": 4,
            "status": "Open",
            "created_by": 7,
            "tax": 18.0,
            "remark": null,
            "is_seen": true
        }
    },
    {
        "model": "officialapi.joint_type",
        "pk": 1,
        "fields": {
            "date": "2022-04-22",
            "joint_type": "Plain door",
            "code": "Tl pd"
        }
    },
    {
        "model": "officialapi.joint_type",
        "pk": 2,
        "fields": {
            "date": "2022-04-22",
            "joint_type": "Plain door premium",
            "code": "Tl pp"
        }
    },
    {
        "model": "officialapi.joint_type",
        "pk": 3,
        "fields": {
            "date": "2022-04-22",
            "joint_type": "One panel",
            "code": "Tl 1p"
        }
    },
    {
        "model": "officialapi.joint_type",
        "pk": 4,
        "fields": {
            "date": "2022-04-22",
            "joint_type": "Two panel",
            "code": "Tl 2p"
        }
    },
    {
        "model": "officialapi.joint_type",
        "pk": 5,
        "fields": {
            "date": "2022-04-22",
            "joint_type": "More panels",
            "code": "Tl mp"
        }
    },
    {
        "model": "officialapi.joint_type",
        "pk": 6,
        "fields": {
            "date": "2022-04-22",
            "joint_type": "Disco door",
            "code": "Tl dco"
        }
    },
    {
        "model": "officialapi.joint_type",
        "pk": 7,
        "fields": {
            "date": "2022-04-22",
            "joint_type": "Tl disco premium",
            "code": "Tl dcp"
        }
    },
    {
        "model": "officialapi.joint_type",
        "pk": 8,
        "fields": {
            "date": "2022-04-22",
            "joint_type": "Common door",
            "code": "Tl cd"
        }
    },
    {
        "model": "officialapi.joint_type",
        "pk": 9,
        "fields": {
            "date": "2022-04-22",
            "joint_type": "Offer door",
            "code": "Tl ofr"
        }
    },
    {
        "model": "officialapi.door",
        "pk": 1,
        "fields": {
            "date": "2022-04-23",
            "rowmaterial": 1,
            "doortype": "Single door",
            "joint": 9,
            "labour_charge": 800,
            "price": 260.0,
            "image_one": "doorimages/IMG-20220422-WA0068.jpg",
            "image_two": "doorimages/IMG-20220328-WA0073.jpg",
            "image_three": "",
            "image_ppoi": "0.5x0.5"
        }
    },
    {
        "model": "officialapi.door",
        "pk": 2,
        "fields": {
            "date": "2022-04-23",
            "rowmaterial": 2,
            "doortype": "Single door",
            "joint": 9,
            "labour_charge": 800,
            "price": 198.0,
            "image_one": "doorimages/IMG-20220422-WA0068_Jc41ojs.jpg",
            "image_two": "",
            "image_three": "",
            "image_ppoi": "0.5x0.5"
        }
    },
    {
        "model": "officialapi.door",
        "pk": 3,
        "fields": {
            "date": "2022-04-23",
            "rowmaterial": 3,
            "doortype": "Single door",
            "joint": 9,
            "labour_charge": 800,
            "price": 198.0,
            "image_one": "",
            "image_two": "",
            "image_three": "",
            "image_ppoi": "0.5x0.5"
        }
    },
    {
        "model": "officialapi.door",
        "pk": 4,
        "fields": {
            "date": "2022-04-23",
            "rowmaterial": 1,
            "doortype": "Single door",
            "joint": 8,
            "labour_charge": 800,
            "price": 300.0,
            "image_one": "doorimages/IMG-20220328-WA0071.jpg",
            "image_two": "",
            "image_three": "",
            "image_ppoi": "0.5x0.5"
        }
    },
    {
        "model": "officialapi.door",
        "pk": 5,
        "fields": {
            "date": "2022-04-23",
            "rowmaterial": 1,
            "doortype": "Single door",
            "joint": 6,
            "labour_charge": 800,
            "price": 328.0,
            "image_one": "doorimages/IMG-20220325-WA0070.jpg",
            "image_two": "doorimages/IMG-20220328-WA0073_vr2QiWn.jpg",
            "image_three": "doorimages/IMG-20220422-WA0068_RgAjGKw.jpg",
            "image_ppoi": "0.5x0.5"
        }
    },
    {
        "model": "officialapi.door",
        "pk": 7,
        "fields": {
            "date": "2022-04-23",
            "rowmaterial": 1,
            "doortype": "Single door",
            "joint": 4,
            "labour_charge": 800,
            "price": 400.0,
            "image_one": "doorimages/IMG-20220328-WA0079.jpg",
            "image_two": "doorimages/IMG-20220328-WA0075.jpg",
            "image_three": "",
            "image_ppoi": "0.5x0.5"
        }
    },
    {
        "model": "officialapi.door",
        "pk": 8,
        "fields": {
            "date": "2022-04-23",
            "rowmaterial": 1,
            "doortype": "Single door",
            "joint": 3,
            "labour_charge": 800,
            "price": 425.0,
            "image_one": "",
            "image_two": "",
            "image_three": "",
            "image_ppoi": "0.5x0.5"
        }
    },
    {
        "model": "officialapi.door",
        "pk": 9,
        "fields": {
            "date": "2022-04-23",
            "rowmaterial": 1,
            "doortype": "Single door",
            "joint": 2,
            "labour_charge": 2000,
            "price": 775.0,
            "image_one": "",
            "image_two": "",
            "image_three": "",
            "image_ppoi": "0.5x0.5"
        }
    },
    {
        "model": "officialapi.door",
        "pk": 10,
        "fields": {
            "date": "2022-04-23",
            "rowmaterial": 1,
            "doortype": "Single door",
            "joint": 7,
            "labour_charge": 1000,
            "price": 600.0,
            "image_one": "",
            "image_two": "",
            "image_three": "",
            "image_ppoi": "0.5x0.5"
        }
    },
    {
        "model": "officialapi.door",
        "pk": 11,
        "fields": {
            "date": "2022-04-23",
            "rowmaterial": 1,
            "doortype": "Single door",
            "joint": 1,
            "labour_charge": 800,
            "price": 370.0,
            "image_one": "",
            "image_two": "",
            "image_three": "",
            "image_ppoi": "0.5x0.5"
        }
    },
    {
        "model": "officialapi.door",
        "pk": 12,
        "fields": {
            "date": "2022-04-23",
            "rowmaterial": 2,
            "doortype": "Single door",
            "joint": 1,
            "labour_charge": 800,
            "price": 275.0,
            "image_one": "",
            "image_two": "",
            "image_three": "",
            "image_ppoi": "0.5x0.5"
        }
    },
    {
        "model": "officialapi.door",
        "pk": 13,
        "fields": {
            "date": "2022-04-23",
            "rowmaterial": 4,
            "doortype": "Single door",
            "joint": 2,
            "labour_charge": 800,
            "price": 525.0,
            "image_one": "",
            "image_two": "",
            "image_three": "",
            "image_ppoi": "0.5x0.5"
        }
    },
    {
        "model": "officialapi.door",
        "pk": 14,
        "fields": {
            "date": "2022-04-23",
            "rowmaterial": 4,
            "doortype": "Single door",
            "joint": 3,
            "labour_charge": 800,
            "price": 300.0,
            "image_one": "",
            "image_two": "",
            "image_three": "",
            "image_ppoi": "0.5x0.5"
        }
    },
    {
        "model": "officialapi.door",
        "pk": 16,
        "fields": {
            "date": "2022-05-01",
            "rowmaterial": 4,
            "doortype": "Single door",
            "joint": 8,
            "labour_charge": 800,
            "price": 248.0,
            "image_one": "",
            "image_two": "",
            "image_three": "",
            "image_ppoi": "0.5x0.5"
        }
    },
    {
        "model": "officialapi.door",
        "pk": 17,
        "fields": {
            "date": "2022-05-01",
            "rowmaterial": 3,
            "doortype": "Single door",
            "joint": 8,
            "labour_charge": 800,
            "price": 225.0,
            "image_one": "",
            "image_two": "",
            "image_three": "",
            "image_ppoi": "0.5x0.5"
        }
    },
    {
        "model": "officialapi.door",
        "pk": 18,
        "fields": {
            "date": "2022-05-01",
            "rowmaterial": 3,
            "doortype": "Single door",
            "joint": 3,
            "labour_charge": 800,
            "price": 269.0,
            "image_one": "",
            "image_two": "",
            "image_three": "",
            "image_ppoi": "0.5x0.5"
        }
    },
    {
        "model": "officialapi.door",
        "pk": 19,
        "fields": {
            "date": "2022-05-01",
            "rowmaterial": 6,
            "doortype": "Single door",
            "joint": 8,
            "labour_charge": 800,
            "price": 248.0,
            "image_one": "",
            "image_two": "",
            "image_three": "",
            "image_ppoi": "0.5x0.5"
        }
    },
    {
        "model": "officialapi.door",
        "pk": 20,
        "fields": {
            "date": "2022-05-01",
            "rowmaterial": 1,
            "doortype": "Double door",
            "joint": 8,
            "labour_charge": 1500,
            "price": 630.0,
            "image_one": "",
            "image_two": "",
            "image_three": "",
            "image_ppoi": "0.5x0.5"
        }
    },
    {
        "model": "officialapi.door",
        "pk": 21,
        "fields": {
            "date": "2022-05-01",
            "rowmaterial": 2,
            "doortype": "Double door",
            "joint": 8,
            "labour_charge": 1500,
            "price": 500.0,
            "image_one": "",
            "image_two": "",
            "image_three": "",
            "image_ppoi": "0.5x0.5"
        }
    },
    {
        "model": "officialapi.door",
        "pk": 22,
        "fields": {
            "date": "2022-05-01",
            "rowmaterial": 3,
            "doortype": "Double door",
            "joint": 8,
            "labour_charge": 1500,
            "price": 414.0,
            "image_one": "",
            "image_two": "",
            "image_three": "",
            "image_ppoi": "0.5x0.5"
        }
    },
    {
        "model": "officialapi.door",
        "pk": 23,
        "fields": {
            "date": "2022-05-01",
            "rowmaterial": 4,
            "doortype": "Double door",
            "joint": 8,
            "labour_charge": 1500,
            "price": 457.0,
            "image_one": "",
            "image_two": "",
            "image_three": "",
            "image_ppoi": "0.5x0.5"
        }
    },
    {
        "model": "officialapi.door",
        "pk": 24,
        "fields": {
            "date": "2022-05-01",
            "rowmaterial": 6,
            "doortype": "Double door",
            "joint": 8,
            "labour_charge": 1500,
            "price": 457.0,
            "image_one": "",
            "image_two": "",
            "image_three": "",
            "image_ppoi": "0.5x0.5"
        }
    },
    {
        "model": "officialapi.door",
        "pk": 25,
        "fields": {
            "date": "2022-05-01",
            "rowmaterial": 7,
            "doortype": "Double door",
            "joint": 8,
            "labour_charge": 1500,
            "price": 283.0,
            "image_one": "",
            "image_two": "",
            "image_three": "",
            "image_ppoi": "0.5x0.5"
        }
    },
    {
        "model": "officialapi.door",
        "pk": 26,
        "fields": {
            "date": "2022-05-01",
            "rowmaterial": 1,
            "doortype": "Double door",
            "joint": 1,
            "labour_charge": 1500,
            "price": 715.0,
            "image_one": "",
            "image_two": "",
            "image_three": "",
            "image_ppoi": "0.5x0.5"
        }
    },
    {
        "model": "officialapi.door",
        "pk": 27,
        "fields": {
            "date": "2022-05-01",
            "rowmaterial": 1,
            "doortype": "Double door",
            "joint": 2,
            "labour_charge": 2000,
            "price": 1190.0,
            "image_one": "",
            "image_two": "",
            "image_three": "",
            "image_ppoi": "0.5x0.5"
        }
    },
    {
        "model": "officialapi.door",
        "pk": 28,
        "fields": {
            "date": "2022-05-01",
            "rowmaterial": 1,
            "doortype": "Double door",
            "joint": 9,
            "labour_charge": 1500,
            "price": 522.0,
            "image_one": "",
            "image_two": "",
            "image_three": "",
            "image_ppoi": "0.5x0.5"
        }
    },
    {
        "model": "officialapi.window",
        "pk": 1,
        "fields": {
            "date": "2022-04-23",
            "rowmaterial": 1,
            "box": 1,
            "labour_charge": 200,
            "price": 251.0,
            "shutter": false,
            "design": false,
            "image_one": "",
            "image_two": "",
            "image_three": "",
            "image_ppoi": "0.5x0.5"
        }
    },
    {
        "model": "officialapi.window",
        "pk": 2,
        "fields": {
            "date": "2022-04-23",
            "rowmaterial": 4,
            "box": 1,
            "labour_charge": 200,
            "price": 170.0,
            "shutter": false,
            "design": false,
            "image_one": "",
            "image_two": "",
            "image_three": "",
            "image_ppoi": "0.5x0.5"
        }
    },
    {
        "model": "officialapi.window",
        "pk": 3,
        "fields": {
            "date": "2022-04-23",
            "rowmaterial": 2,
            "box": 1,
            "labour_charge": 200,
            "price": 175.0,
            "shutter": false,
            "design": false,
            "image_one": "",
            "image_two": "",
            "image_three": "",
            "image_ppoi": "0.5x0.5"
        }
    },
    {
        "model": "officialapi.window",
        "pk": 4,
        "fields": {
            "date": "2022-04-23",
            "rowmaterial": 7,
            "box": 1,
            "labour_charge": 200,
            "price": 75.0,
            "shutter": false,
            "design": false,
            "image_one": "",
            "image_two": "",
            "image_three": "",
            "image_ppoi": "0.5x0.5"
        }
    },
    {
        "model": "officialapi.window",
        "pk": 5,
        "fields": {
            "date": "2022-04-23",
            "rowmaterial": 6,
            "box": 1,
            "labour_charge": 200,
            "price": 166.0,
            "shutter": false,
            "design": false,
            "image_one": "",
            "image_two": "",
            "image_three": "",
            "image_ppoi": "0.5x0.5"
        }
    },
    {
        "model": "officialapi.window",
        "pk": 6,
        "fields": {
            "date": "2022-04-23",
            "rowmaterial": 3,
            "box": 1,
            "labour_charge": 200,
            "price": 100.0,
            "shutter": false,
            "design": false,
            "image_one": "",
            "image_two": "",
            "image_three": "",
            "image_ppoi": "0.5x0.5"
        }
    },
    {
        "model": "officialapi.window",
        "pk": 7,
        "fields": {
            "date": "2022-04-23",
            "rowmaterial": 1,
            "box": 2,
            "labour_charge": 300,
            "price": 270.0,
            "shutter": false,
            "design": false,
            "image_one": "",
            "image_two": "",
            "image_three": "",
            "image_ppoi": "0.5x0.5"
        }
    },
    {
        "model": "officialapi.window",
        "pk": 8,
        "fields": {
            "date": "2022-04-23",
            "rowmaterial": 4,
            "box": 2,
            "labour_charge": 300,
            "price": 190.0,
            "shutter": false,
            "design": false,
            "image_one": "",
            "image_two": "",
            "image_three": "",
            "image_ppoi": "0.5x0.5"
        }
    },
    {
        "model": "officialapi.window",
        "pk": 9,
        "fields": {
            "date": "2022-04-23",
            "rowmaterial": 2,
            "box": 2,
            "labour_charge": 300,
            "price": 195.0,
            "shutter": false,
            "design": false,
            "image_one": "",
            "image_two": "",
            "image_three": "",
            "image_ppoi": "0.5x0.5"
        }
    },
    {
        "model": "officialapi.window",
        "pk": 10,
        "fields": {
            "date": "2022-04-23",
            "rowmaterial": 3,
            "box": 2,
            "labour_charge": 300,
            "price": 120.0,
            "shutter": false,
            "design": false,
            "image_one": "",
            "image_two": "",
            "image_three": "",
            "image_ppoi": "0.5x0.5"
        }
    },
    {
        "model": "officialapi.window",
        "pk": 11,
        "fields": {
            "date": "2022-04-23",
            "rowmaterial": 7,
            "box": 2,
            "labour_charge": 300,
            "price": 100.0,
            "shutter": false,
            "design": false,
            "image_one": "",
            "image_two": "",
            "image_three": "",
            "image_ppoi": "0.5x0.5"
        }
    },
    {
        "model": "officialapi.window",
        "pk": 12,
        "fields": {
            "date": "2022-04-23",
            "rowmaterial": 1,
            "box": 1,
            "labour_charge": 300,
            "price": 375.0,
            "shutter": false,
            "design": true,
            "image_one": "",
            "image_two": "",
            "image_three": "",
            "image_ppoi": "0.5x0.5"
        }
    },
    {
        "model": "officialapi.window",
        "pk": 13,
        "fields": {
            "date": "2022-05-01",
            "rowmaterial": 1,
            "box": 2,
            "labour_charge": 500,
            "price": 435.0,
            "shutter": true,
            "design": false,
            "image_one": "",
            "image_two": "",
            "image_three": "",
            "image_ppoi": "0.5x0.5"
        }
    },
    {
        "model": "officialapi.window",
        "pk": 14,
        "fields": {
            "date": "2022-05-01",
            "rowmaterial": 4,
            "box": 2,
            "labour_charge": 500,
            "price": 250.0,
            "shutter": true,
            "design": false,
            "image_one": "",
            "image_two": "",
            "image_three": "",
            "image_ppoi": "0.5x0.5"
        }
    },
    {
        "model": "officialapi.kattla",
        "pk": 2,
        "fields": {
            "date": "2022-04-22",
            "rowmaterial": 1,
            "kattlatype": "D1 sp 4x3",
            "open_closed": true,
            "price": 4000.0,
            "noofboxes": 1,
            "labour_charge": 800,
            "image_one": "",
            "image_two": "",
            "image_three": "",
            "image_ppoi": "0.5x0.5"
        }
    },
    {
        "model": "officialapi.kattla",
        "pk": 3,
        "fields": {
            "date": "2022-04-22",
            "rowmaterial": 1,
            "kattlatype": "W3 4x3 square",
            "open_closed": true,
            "price": 4000.0,
            "noofboxes": 3,
            "labour_charge": 800,
            "image_one": "",
            "image_two": "",
            "image_three": "",
            "image_ppoi": "0.5x0.5"
        }
    },
    {
        "model": "officialapi.kattla",
        "pk": 4,
        "fields": {
            "date": "2022-04-23",
            "rowmaterial": 1,
            "kattlatype": "d1 5x3",
            "open_closed": false,
            "price": 4200.0,
            "noofboxes": 1,
            "labour_charge": 600,
            "image_one": "",
            "image_two": "",
            "image_three": "",
            "image_ppoi": "0.5x0.5"
        }
    },
    {
        "model": "officialapi.kattla",
        "pk": 5,
        "fields": {
            "date": "2022-04-23",
            "rowmaterial": 1,
            "kattlatype": "d1 5x3 sp",
            "open_closed": true,
            "price": 4200.0,
            "noofboxes": 1,
            "labour_charge": 800,
            "image_one": "",
            "image_two": "",
            "image_three": "",
            "image_ppoi": "0.5x0.5"
        }
    },
    {
        "model": "officialapi.kattla",
        "pk": 7,
        "fields": {
            "date": "2022-04-23",
            "rowmaterial": 1,
            "kattlatype": "d1 4x3",
            "open_closed": false,
            "price": 4000.0,
            "noofboxes": 1,
            "labour_charge": 600,
            "image_one": "",
            "image_two": "",
            "image_three": "",
            "image_ppoi": "0.5x0.5"
        }
    },
    {
        "model": "officialapi.kattla",
        "pk": 8,
        "fields": {
            "date": "2022-04-23",
            "rowmaterial": 1,
            "kattlatype": "md 6x3",
            "open_closed": true,
            "price": 4500.0,
            "noofboxes": 1,
            "labour_charge": 1000,
            "image_one": "",
            "image_two": "",
            "image_three": "",
            "image_ppoi": "0.5x0.5"
        }
    },
    {
        "model": "officialapi.kattla",
        "pk": 9,
        "fields": {
            "date": "2022-04-23",
            "rowmaterial": 1,
            "kattlatype": "md 6x4",
            "open_closed": true,
            "price": 5500.0,
            "noofboxes": 1,
            "labour_charge": 1000,
            "image_one": "",
            "image_two": "",
            "image_three": "",
            "image_ppoi": "0.5x0.5"
        }
    },
    {
        "model": "officialapi.kattla",
        "pk": 10,
        "fields": {
            "date": "2022-04-23",
            "rowmaterial": 1,
            "kattlatype": "md 9x3",
            "open_closed": true,
            "price": 6000.0,
            "noofboxes": 1,
            "labour_charge": 1500,
            "image_one": "",
            "image_two": "",
            "image_three": "",
            "image_ppoi": "0.5x0.5"
        }
    },
    {
        "model": "officialapi.kattla",
        "pk": 12,
        "fields": {
            "date": "2022-04-23",
            "rowmaterial": 1,
            "kattlatype": "w2 4x3",
            "open_closed": true,
            "price": 4000.0,
            "noofboxes": 2,
            "labour_charge": 800,
            "image_one": "",
            "image_two": "",
            "image_three": "",
            "image_ppoi": "0.5x0.5"
        }
    },
    {
        "model": "officialapi.kattla",
        "pk": 13,
        "fields": {
            "date": "2022-04-23",
            "rowmaterial": 1,
            "kattlatype": "w1 4x3",
            "open_closed": true,
            "price": 4000.0,
            "noofboxes": 1,
            "labour_charge": 1000,
            "image_one": "",
            "image_two": "",
            "image_three": "",
            "image_ppoi": "0.5x0.5"
        }
    },
    {
        "model": "officialapi.kattla",
        "pk": 14,
        "fields": {
            "date": "2022-04-23",
            "rowmaterial": 1,
            "kattlatype": "w4 4x3",
            "open_closed": true,
            "price": 4000.0,
            "noofboxes": 4,
            "labour_charge": 800,
            "image_one": "",
            "image_two": "",
            "image_three": "",
            "image_ppoi": "0.5x0.5"
        }
    },
    {
        "model": "officialapi.kattla",
        "pk": 15,
        "fields": {
            "date": "2022-04-23",
            "rowmaterial": 4,
            "kattlatype": "d1 4x3",
            "open_closed": false,
            "price": 2800.0,
            "noofboxes": 1,
            "labour_charge": 600,
            "image_one": "",
            "image_two": "",
            "image_three": "",
            "image_ppoi": "0.5x0.5"
        }
    },
    {
        "model": "officialapi.kattla",
        "pk": 16,
        "fields": {
            "date": "2022-04-23",
            "rowmaterial": 4,
            "kattlatype": "d1 sp 4x3",
            "open_closed": true,
            "price": 2800.0,
            "noofboxes": 1,
            "labour_charge": 800,
            "image_one": "",
            "image_two": "",
            "image_three": "",
            "image_ppoi": "0.5x0.5"
        }
    },
    {
        "model": "officialapi.kattla",
        "pk": 17,
        "fields": {
            "date": "2022-04-23",
            "rowmaterial": 4,
            "kattlatype": "d1 5/3",
            "open_closed": false,
            "price": 3000.0,
            "noofboxes": 1,
            "labour_charge": 600,
            "image_one": "",
            "image_two": "",
            "image_three": "",
            "image_ppoi": "0.5x0.5"
        }
    },
    {
        "model": "officialapi.kattla",
        "pk": 18,
        "fields": {
            "date": "2022-04-23",
            "rowmaterial": 4,
            "kattlatype": "d1 5x3 sp",
            "open_closed": true,
            "price": 3000.0,
            "noofboxes": 1,
            "labour_charge": 800,
            "image_one": "",
            "image_two": "",
            "image_three": "",
            "image_ppoi": "0.5x0.5"
        }
    },
    {
        "model": "officialapi.kattla",
        "pk": 19,
        "fields": {
            "date": "2022-04-23",
            "rowmaterial": 4,
            "kattlatype": "w1 4x3",
            "open_closed": true,
            "price": 2850.0,
            "noofboxes": 1,
            "labour_charge": 1000,
            "image_one": "",
            "image_two": "",
            "image_three": "",
            "image_ppoi": "0.5x0.5"
        }
    },
    {
        "model": "officialapi.kattla",
        "pk": 21,
        "fields": {
            "date": "2022-04-23",
            "rowmaterial": 4,
            "kattlatype": "w3 4x3",
            "open_closed": true,
            "price": 2850.0,
            "noofboxes": 3,
            "labour_charge": 800,
            "image_one": "",
            "image_two": "",
            "image_three": "",
            "image_ppoi": "0.5x0.5"
        }
    },
    {
        "model": "officialapi.kattla",
        "pk": 22,
        "fields": {
            "date": "2022-04-23",
            "rowmaterial": 4,
            "kattlatype": "w4 4x3",
            "open_closed": true,
            "price": 2850.0,
            "noofboxes": 4,
            "labour_charge": 800,
            "image_one": "",
            "image_two": "",
            "image_three": "",
            "image_ppoi": "0.5x0.5"
        }
    },
    {
        "model": "officialapi.kattla",
        "pk": 23,
        "fields": {
            "date": "2022-04-23",
            "rowmaterial": 7,
            "kattlatype": "d1 4x3",
            "open_closed": false,
            "price": 2000.0,
            "noofboxes": 1,
            "labour_charge": 600,
            "image_one": "",
            "image_two": "",
            "image_three": "",
            "image_ppoi": "0.5x0.5"
        }
    },
    {
        "model": "officialapi.kattla",
        "pk": 24,
        "fields": {
            "date": "2022-04-23",
            "rowmaterial": 7,
            "kattlatype": "d1 4x3 sp",
            "open_closed": true,
            "price": 2000.0,
            "noofboxes": 1,
            "labour_charge": 800,
            "image_one": "",
            "image_two": "",
            "image_three": "",
            "image_ppoi": "0.5x0.5"
        }
    },
    {
        "model": "officialapi.kattla",
        "pk": 25,
        "fields": {
            "date": "2022-04-23",
            "rowmaterial": 7,
            "kattlatype": "w1 4x3",
            "open_closed": true,
            "price": 2000.0,
            "noofboxes": 1,
            "labour_charge": 1000,
            "image_one": "",
            "image_two": "",
            "image_three": "",
            "image_ppoi": "0.5x0.5"
        }
    },
    {
        "model": "officialapi.kattla",
        "pk": 26,
        "fields": {
            "date": "2022-04-23",
            "rowmaterial": 7,
            "kattlatype": "w2 4x3",
            "open_closed": true,
            "price": 2000.0,
            "noofboxes": 2,
            "labour_charge": 800,
            "image_one": "",
            "image_two": "",
            "image_three": "",
            "image_ppoi": "0.5x0.5"
        }
    },
    {
        "model": "officialapi.kattla",
        "pk": 27,
        "fields": {
            "date": "2022-04-23",
            "rowmaterial": 7,
            "kattlatype": "w3 4x3",
            "open_closed": true,
            "price": 2000.0,
            "noofboxes": 3,
            "labour_charge": 800,
            "image_one": "",
            "image_two": "",
            "image_three": "",
            "image_ppoi": "0.5x0.5"
        }
    },
    {
        "model": "officialapi.kattla",
        "pk": 28,
        "fields": {
            "date": "2022-04-23",
            "rowmaterial": 7,
            "kattlatype": "w4 4x3",
            "open_closed": true,
            "price": 2000.0,
            "noofboxes": 4,
            "labour_charge": 800,
            "image_one": "",
            "image_two": "",
            "image_three": "",
            "image_ppoi": "0.5x0.5"
        }
    },
    {
        "model": "officialapi.kattla",
        "pk": 29,
        "fields": {
            "date": "2022-04-23",
            "rowmaterial": 4,
            "kattlatype": "W2 4x3",
            "open_closed": true,
            "price": 2850.0,
            "noofboxes": 2,
            "labour_charge": 800,
            "image_one": "",
            "image_two": "",
            "image_three": "",
            "image_ppoi": "0.5x0.5"
        }
    },
    {
        "model": "officialapi.custom_kattla",
        "pk": 1,
        "fields": {
            "date": "2022-04-23",
            "rowmaterial": 1,
            "price": 4000.0,
            "labour_charge": null,
            "image_one": "",
            "image_two": "",
            "image_three": "",
            "image_ppoi": "0.5x0.5"
        }
    },
    {
        "model": "officialapi.custom_kattla",
        "pk": 2,
        "fields": {
            "date": "2022-04-23",
            "rowmaterial": 2,
            "price": 3000.0,
            "labour_charge": 0,
            "image_one": "",
            "image_two": "",
            "image_three": "",
            "image_ppoi": "0.5x0.5"
        }
    },
    {
        "model": "officialapi.custom_kattla",
        "pk": 3,
        "fields": {
            "date": "2022-04-23",
            "rowmaterial": 3,
            "price": 2700.0,
            "labour_charge": 0,
            "image_one": "",
            "image_two": "",
            "image_three": "",
            "image_ppoi": "0.5x0.5"
        }
    },
    {
        "model": "officialapi.custom_kattla",
        "pk": 4,
        "fields": {
            "date": "2022-04-23",
            "rowmaterial": 4,
            "price": 2850.0,
            "labour_charge": 0,
            "image_one": "",
            "image_two": "",
            "image_three": "",
            "image_ppoi": "0.5x0.5"
        }
    },
    {
        "model": "officialapi.custom_kattla",
        "pk": 5,
        "fields": {
            "date": "2022-04-23",
            "rowmaterial": 5,
            "price": 1700.0,
            "labour_charge": 0,
            "image_one": "",
            "image_two": "",
            "image_three": "",
            "image_ppoi": "0.5x0.5"
        }
    },
    {
        "model": "officialapi.custom_kattla",
        "pk": 6,
        "fields": {
            "date": "2022-04-23",
            "rowmaterial": 6,
            "price": 2850.0,
            "labour_charge": 0,
            "image_one": "",
            "image_two": "",
            "image_three": "",
            "image_ppoi": "0.5x0.5"
        }
    },
    {
        "model": "officialapi.custom_kattla",
        "pk": 7,
        "fields": {
            "date": "2022-04-23",
            "rowmaterial": 7,
            "price": 2000.0,
            "labour_charge": 0,
            "image_one": "",
            "image_two": "",
            "image_three": "",
            "image_ppoi": "0.5x0.5"
        }
    },
    {
        "model": "officialapi.quotation_door_item",
        "pk": 1,
        "fields": {
            "quotation": 1,
            "name": "DOOR(80x34)",
            "type": "Single door",
            "raw_material": 2,
            "labour_charge": 800,
            "joint": "Tl pd-Plain door",
            "unit_amount": 5994.4,
            "quantity": 1,
            "dimention_height": 80.0,
            "dimention_width": 34.0,
            "squarfeet": 18.89,
            "aggregate": 5994.0,
            "status": "open",
            "remark": null
        }
    },
    {
        "model": "officialapi.quotation_kattla_item",
        "pk": 1,
        "fields": {
            "quotation": 3,
            "name": "KATTILA md 9x3(9x3)",
            "type": "md 9x3",
            "dimention_height": 210.0,
            "dimention_width": 110.0,
            "raw_material": 1,
            "unit_amount": 26812.5,
            "quantity": 2,
            "qubic": 4.22,
            "thickness_x": 9.0,
            "thickness_y": 3.0,
            "aggregate": 53625.0,
            "status": "open",
            "remark": null
        }
    },
    {
        "model": "officialapi.quotation_kattla_item",
        "pk": 2,
        "fields": {
            "quotation": 3,
            "name": "KATTILA md 9x3(9x3)",
            "type": "md 9x3",
            "dimention_height": 220.0,
            "dimention_width": 130.0,
            "raw_material": 1,
            "unit_amount": 29625.0,
            "quantity": 1,
            "qubic": 4.69,
            "thickness_x": 9.0,
            "thickness_y": 3.0,
            "aggregate": 29625.0,
            "status": "open",
            "remark": null
        }
    },
    {
        "model": "officialapi.quotation_kattla_item",
        "pk": 3,
        "fields": {
            "quotation": 4,
            "name": "KATTILA W2 4x3(4x3)",
            "type": "W2 4x3",
            "dimention_height": 130.0,
            "dimention_width": 150.0,
            "raw_material": 4,
            "unit_amount": 7418.8,
            "quantity": 1,
            "qubic": 2.04,
            "thickness_x": 4.0,
            "thickness_y": 3.0,
            "aggregate": 7418.0,
            "status": "open",
            "remark": null
        }
    }
]